exercise_id,title,subtitle
1,Landing Stiffly,Absorb the impact by bending your knees immediately upon landing.
1,Rounding Back,Keep your spine neutral; avoid hunching over.
1,Incomplete Twist,Commit to the full 180-degree rotation for maximum effectiveness.
2,Using Momentum,Perform the rep slowly to ensure muscle engagement.
2,Pulling Neck,Keep your neck neutral; don't yank it forward.
2,Limited ROM,Go through the full range of motion for best results.
3,Arching Lower Back,Stop before your back sags; this causes injury.
3,Using Hips Only,"Movement should come from extending the torso, not just shifting hips."
3,Looking Up,Keep your gaze down to maintain a neutral neck.
4,Jerking Weight,"Use a smooth, controlled motion."
4,Partial Reps,Open your legs wide to get a full stretch.
4,Helping with Hands,"Keep hands on handles, don't push your legs with them."
5,Stepping on Rungs,Aim for the center of the spaces.
5,Looking Down,"Try to look slightly ahead, not staring directly at feet."
5,Flat Feet,Stay on your toes for agility.
6,Heels Lifting,Keep heels glued to the floor.
6,Knees Caving In,Push knees out actively.
6,Rounding Back,Keep your chest proud and core tight.
7,Straining Neck,"Lift with your abs, not your neck muscles."
7,Too Fast,Control the tempo to feel the contraction.
7,Shoulders on Floor,Keep shoulder blades off the floor to maintain tension.
8,Narrow Stance,"Step wide enough to maintain balance (railroad tracks, not tightrope)."
8,Front Knee Collapse,Keep knee aligned with second toe.
8,Leaning Forward,Keep torso vertical.
9,Twisting Hips,Try to keep hips facing forward.
9,Knee Pain,Don't force the depth if it hurts your knees.
9,Loss of Balance,Move slowly and focus on a fixed point.
10,Moving Leg,Isolate the movement to the ankle joint.
10,Rushing,Take your time to mobilize the joint.
10,Small Circles,Aim for maximum range of motion.
11,Jerky Movements,Keep the movement smooth.
11,Limited ROM,Push and pull to the end of your range.
11,Bending Knees,Keep legs relatively straight.
12,Flaring Elbows,Puts stress on shoulders; keep them tucked.
12,Shoulders Shrugging,Keep shoulders down and away from ears.
12,Using Momentum,Control the descent and ascent.
13,Going Too Deep,Can injure shoulders; stop at parallel.
13,Swinging Legs,Keep body stable.
13,Shoulder Impingement,Don't let shoulders roll forward.
14,Hyperextending,Stop when your body is straight.
14,Moving Too Fast,Use control to avoid spinal injury.
14,Head Up,Keep neck neutral with spine.
15,Arm Pulling,"Power comes from hips, not arms."
15,Slow Elbows,Turn elbows over quickly to catch.
15,Bar Swinging Out,Modify path to keep bar vertical.
16,Bouncing Bar,"Touch chest gently, don't bounce."
16,Butt Lifting,Keep glutes on the bench.
16,Flaring Elbows,Puts stress on rotator cuff.
17,Rocking,Don't rock back to gain momentum.
17,Relaxing on Box,Keep muscles engaged; spinal compression risk.
17,Knees Caving,Drive knees out.
18,Arching Back,Squeeze glutes to minimize arch.
18,Pressing Forward,Bar path should be vertical.
18,Not Using Legs,Use the leg drive for the 'push' part.
19,Rounding Back,Critical error; keep spine neutral.
19,Muscle Clean,Don't just use arms; use hip power.
19,Wide Stance,"Start hip-width, catch shoulder-width."
20,Swinging,Reduces bicep isolation.
20,Elbows Moving Forward,Keep elbows stationary.
20,Partial Reps,Fully extend arms at bottom.
21,Rounding Back,Keep spine neutral to avoid injury.
21,Bar Drift,Converting to squat; keep bar close.
21,Jerking Start,Pull the 'slack' out first.
22,Standard Curling,Ensure drag mechanic is used.
22,Using Shoulders,Isolate biceps.
22,Rushing,Focus on the squeeze.
23,Leaning Back,Keep torso vertical.
23,Lifting Too High,Stop at shoulder level.
23,Using Momentum,Control the weight.
24,Rounding Back,Very dangerous; lighten weight.
24,Squatting,"This is a hinge, not a squat."
24,Looking Up,Keep neck neutral.
25,Rounding Forward,Keep posture upright.
25,Hitting Calves,Adjust path slightly.
25,Grip Failure,Use straps if needed.
26,Reverse Curl,Elbows should be above wrists.
26,No Hip Drive,"Use legs, not just shoulders."
26,Slow Pull,Be explosive.
27,Hyperextending Back,Movement from hips/glutes.
27,Incomplete ROM,Lock out at the top.
27,Neck Strain,Look forward/tuck chin.
28,Using Low Back,Focus on glutes.
28,Leaning Forward,Keep upright.
28,Pain,Stop if knee pain occurs.
29,Knee Caving,Track knee over toe.
29,Hitting Floor,Don't slam knees.
29,Imbalance,Start light.
30,Arms Bending,Keep elbows locked.
30,Leaning Forward,Requires thoracic mobility.
30,Heels Lifting,Work on ankle mobility.
31,Pressing Out,Catch with locked arms.
31,Swinging Bar,Vertical path.
31,Slow Motion,Must be fast.
32,Bending Elbows Too Much,Turning into tricep extension.
32,Arching Back,Keep core engaged.
32,Going Too Heavy,Shoulder safety risk.
33,Squatting Too Deep,Just a dip.
33,Pressing Early,Drive legs first.
33,Arching,Ribs down.
34,Sagging Hips,Engage core.
34,Head Bobbing,Keep neck neutral.
34,Flaring Elbows,45 deg angle.
35,Leaning Back,Sign of too heavy.
35,Flaring Ribs,Engage core.
35,Half Reps,Full extension.
36,Rolling Shoulders,Up and down only.
36,Using Legs,Strict movement.
36,Head Jutting,Neutral Neck.
37,Slow Turnover,Be fast.
37,Bar Swing,Straight line.
37,Early Arm Pull,Use hips.
38,Knee Pain,Check alignment.
38,Leaning,Stay tall.
38,Narrow Stance,Widen for balance.
39,Resting on Wrists,Rack on shoulders.
39,Knees Caving,Squat mechanics.
39,Rounding Back,Keep tight.
40,Knee Cave,Push knees out.
40,Heel Lift,Flat feet.
40,Good Morning Squat,Hips rise too fast.
41,Pushing off Back Leg,Focus on front leg.
41,Knee Valgus,Track knee.
41,Rounding,Chest up.
42,Bending Knees,Keep straight for difficulty.
42,Shoulders Lifting,Anchor safely.
42,Rushing,Slow tempo.
43,Standing Upright,Squat slightly.
43,Small Waves,Use power.
43,Tense Shoulders,Relax traps.
44,All Arms,Use whole body.
44,Weak Slam,Be aggressive.
44,Rounding Back,Hinge properly.
45,Stopping,Keep rhythm.
45,Standing Tall,Stay in squat.
45,Grip Fatigue,Hold loosely if possible.
46,Trip Hazard,Watch rope position.
46,Loss of Rhythm,Reset if needed.
46,Weak Arms,Move ropes big.
47,Knee Strike,Control lunge.
47,Leaning,Stay upright.
47,Rope Stop,Keep waving.
48,Crossing Ropes,Keep separation.
48,Slow,Needs speed.
48,Standing Tall,Athletic base.
49,Half Squats,Full depth.
49,Stopping Arms,Keep moving.
49,Breath Holding,Breathe.
50,Butt High,Keep hips level with shoulders.
50,Rotating Hips,Anti-rotation focus.
50,Fast,Slow and controlled.
51,Shrugging,Relax your neck.
51,Band Rubbing Arms,Adjust band position.
51,leaning Forward,Stand tall.
52,Shoulder Roll,Keep shoulders retracted.
52,Wrist Curl,Keep wrists neutral.
52,Fast Tempo,Focus on the squeeze.
53,Pressing Movement,"This is an arc, not a press."
53,Going Too Deep,Stop at shoulder comfort level.
53,Lifting Head,Keep head on bench.
54,Bending Knees,Keep legs straight.
54,Large Kicks,Keep range small and fast.
54,Arching Back,Engage core deeply.
55,Landing Stiff,Absorb impact.
55,Jumping Down,Step down to save Achilles.
55,Shin scraping,Clear the edge comfortably.
56,Rising Torso,Keep chest down.
56,Jerking Hips,Strict pull.
56,Rounding Back,flatten spine.
57,Standing Too Upright,"Target is back, not traps."
57,Rounding,Chest out.
57,Using Momentum,Control the weight.
58,Dropping Elbows,Keep them high.
58,Swinging,Strict tricep isolation.
58,Heavy Weight,"Use light weight, high reps."
59,Muscling It,Should be passive motion.
59,Heavy Weight,Use very light or no weight.
59,Tense Neck,Relax.
60,Active Lifting,Let it hang.
60,Holding Breath,Relax.
60,Too Fast,Gentle sway.
61,Rounding Upper Back,Thoracic extension.
61,Leg Drive,Upper body pull.
61,Short ROM,Extend arms fully.
62,Spilling Water,Cap them tight!
62,Rounding,Flat back.
62,Shrugging,Shoulders down.
63,Swinging,Pause at top.
63,Too Heavy,Rear delts are weak.
63,Neck Tension,Look at floor.
64,Pulling Neck,Fingers light on head.
64,Hips Rocking,Stabilize pelvis.
64,Fast & Sloppy,Quality over quantity.
65,Arching Back,Keep spine neutral.
65,Hips Tilting,Imagine balancing a water connection on your back.
65,Rushing,Balance focus.
66,Bouncing,Slow revisions.
66,Rolling Ankles,Press through big toe.
66,Bent Knees,Straight legs for gastrocnemius.
67,Flaring Elbows,Shoulder risk.
67,Hips Dropping,Keep pike shape.
67,Head Banging,Control descent.
68,Bending Both Knees,One leg stays straight.
68,Rounding Back,Hinge hips.
68,Heel Lift,Keep foot flat.
69,Knees Caving,Push out.
69,Heels Lifting,Ankle mobility.
69,Chest Falling,Look forward.
70,Leaning Forward,Stay vertical.
70,Knees Caving,Push them wide.
70,Not Low Enough,Challenge depth.
71,Tightrope Walking,Widen stance.
71,Knee Slam,Control depth.
71,Stutter Step,Commit to the stride.
72,Arching Back,Ribs down.
72,Wobbly Knees,Stabilize.
72,Pushing with Head,Relax neck.
73,Sagging Hips,Strong plank.
73,Rounding Back on Lift,Deadlift mechanics.
73,BOSU Slipping,Press straight down.
74,Hips Dropping,Keep glutes engaged.
74,Neck Strain,adjust position.
74,Fast Reps,Balance requires control.
75,Unstable Feet,Plant them firmly.
75,Dropping Hips,Maintain bridge.
75,Flaring Elbows,45 degrees.
76,Rounding,Keep spine long.
76,Touching Feet,Try to keep them up.
76,Momentum,Slow down.
77,Bouncing Hips,Keep level.
77,Look Back,Look just forward.
77,BOSU Tipping,Press evenly.
78,Sagging hips,Engage abs.
78,Piking Hips,Lower them.
78,Holding Breath,Breathe.
79,Rotating Hips,Stay square.
79,High Leg,Only lift until glute engages.
79,Sagging,Core tight.
80,Rocking Hips,Widen stance.
80,Hand Position,Place hand where elbow was.
80,Neck Drop,Neutral.
81,Wobbling,Stabilize wrists.
81,Head Poke,Chest leads.
81,Half Reps,Full depth.
82,Rolling forward,Open chest.
82,Hips Sagging,Push hips high.
82,Shoulder Pain,Check alignment.
83,Back Arching,Ribs down.
83,Hip Drop,Keep square.
83,Neck Strain,Support head.
84,Knee Valgus,Control knee.
84,Falling,Step off safely.
84,Rounding,Chest up.
85,Uneven Footing,Center feet.
85,Looking Down,Look forward.
85,Rushing,Balance first.
86,Locked Knees,Stay athletic.
86,Holding Breath,Breathe.
86,Flailing,Center gravity.
87,Rounding Back,Lift chest.
87,Momentum,No throwing arms.
87,Neck Strain,Look up.
88,Arching Back,Tuck ribs.
88,Bent Arms,Lock them.
88,Head on Floor,hover.
89,Dropping Hands,Keep 'em up.
89,Pushing Punches,Snap them.
89,Flat Feet,Stay on toes.
90,Too Close,Hop out more.
90,Upright Torso,Can strain back leg hip flexor.
90,Knee Cave,Push out.
91,Worming Up,Strong pushup.
91,Landing Stiff,Soft knees.
91,Skipping Jump,Full extension.
92,Knees Up,"This is High Knees, keep 'em down."
92,Slow,Increase cadence.
92,Leaning,Stay tall.
93,Head Forward,Keep head back.
93,Short ROM,Full open.
93,Jerking,Smooth rep.
94,Rounding reduced,Sit tall.
94,Bouncing,Static stretch.
94,Forcing,Relax.
95,Thrusting Hips,Isolate core.
95,Bent Arms,Keep arc wide.
95,Shrugging,Shoulders down.
96,Swinging,Strict form.
96,Elbow Lift,Only lower arm moves.
96,Wrists Curling,Neutral.
97,Leaning,Stay tall.
97,Using Momentum,Squeeze muscles.
97,Toe Pointing,Flex foot.
98,Hyperextending Back,Only extend hip.
98,Momentum,Use muscle.
98,Bending Knee,Keep leg mostly straight.
99,Rounding,Flat back.
99,Pulling with Arms,Arms are hooks.
99,Squatting,"Hips go back, not down."
100,Elbows Flaring,Keep parallel.
100,Moving Shoulders,Isolate triceps.
100,Arched Back,Core tight.
101,Using Arms,Keep elbows locked.
101,Head Jutting,Chin tuck.
101,Jerking,Smooth tempo.
102,Rounding Back,Mainain posture.
102,Pulling Early,Legs then arms.
102,Knees Caving,Push knees out.
103,Dropping Elbow,Keep it high.
103,Swinging,Strict motion.
103,Fast Reps,Control rep.
104,Wrist Curl,Keep neutral.
104,Going Too High,Shoulder impingement risk.
104,Arching Back,Core tight.
105,Short ROM,Knees above waist.
105,Swinging,Use abs.
105,Shrugging,Press down into pads.
106,Arms Only,Use legs too.
106,Legs Only,Use arms too.
106,Tense Shoulders,Relax.
107,Holding Handrails,Reduces calorie burn.
107,Leaning Forward,Stay tall.
107,Looking Down,Neck strain.
108,Mashing Gears,Spin faster (higher RPM).
108,Locked Elbows,Keep soft.
108,Hunched Shoulders,Relax.
109,Heel Striking,Land mid-foot.
109,Overstriding,Step under hips.
109,Tension,Relax shoulders.
110,Head Too High,Legs will sink.
110,Blowing Bubbles,Exhale fully.
110,Crossing Centerline,Reaching too far.
111,Toes Numb,Lift heels slightly.
111,Leaning,Don't rest on console.
111,No Resistance,Add load.
112,Bouncing,Control fast speeds.
112,Slouching,Chest up.
112,Holding rails,Use moving arms.
113,Rocking Hips,Seat too far/close.
113,Banging Knees,Adjust alignment.
113,Gripping hard,Relax.
114,Pulling Early,Drive legs first.
114,Rounding Back,Hinge hips.
114,Chicken Wings,Elbows back.
115,Leaning on Console,"Isolates calves, cheating."
115,Tiptoes,Use heels.
115,Double Stepping,Risk of fall.
116,Seat Too Low,Knee pain.
116,Bouncing,Increase resistance.
116,Hunching,Chest open.
117,Bending Elbows,Arms straight.
117,Rushing,Flow slowly.
117,Forcing,Gentle range.
118,Elbows Flaring,Tuck them.
118,Shrugging,Push floor away.
118,Distance,Don't drift forward.
119,Plonking Down,Control descent.
119,Knees Caving,Push out.
119,Heels Lifting,Flat feet.
120,Tilting Head,Keep level.
120,Forcing,Gentle.
120,Jaw Tension,Relax face.
121,Rolling Hips,Don't tip back.
121,Feet separating,Keep touching.
121,Too Fast,Squeeze.
122,Rounding,Chest up.
122,Momentum,Strict pull.
122,Shrugging,Depress scapula.
123,Kipping,Strict strength.
123,Half Reps,Full ROM.
123,Chin Reaching,Pull high.
124,Grip Too Narrow,Wrists hurt.
124,Elbow Flare,Keep tucked.
124,Bouncing,Control.
125,Hips Lifting,Keep grounded.
125,Locking Elbows,Keep soft.
125,Crunching Neck,Shoulders down.
126,Same Side,Opposite limbs.
126,Rushing,Balance.
126,Arching,Neutral spine.
127,Heel Lift,Work mobility.
127,Rounding,Keep upright.
127,Knee Cave,Track toe.
128,Sagging Hips,Lift them.
128,Falling,Control.
128,Slow,Find rhythm.
129,Dropping Hips,Tabletop position.
129,Shrugging,Push floor.
129,Wrist Pain,Turn hands out.
130,Butt High,Plank line.
130,Looking Back,Look forward.
130,Dropping head,Neutral.
131,Arm Only,Use hips.
131,Stiff Legs,Pivot.
131,Rounding,Tall posture.
132,Pulling Neck,Don't.
132,Hip Flexors,Isolate abs.
132,Fast,Control.
133,Back Arching,Stop leg early.
133,Bent Arms,Straight.
133,Confusing Limbs,Practice.
134,Too Low,Touch lower chest.
134,Bouncing,Touch.
134,Unracking,Be careful.
135,Misalignment,Check position.
135,Locking Hard,Soft lock.
135,Using Traps,Depress shoulders.
136,Momentum,Use abs.
136,Back Pain,Limit range.
136,Neck Pull,Hands on chest.
137,Clanking Weights,Touch gently.
137,Flaring,45 deg angle.
137,Deep,Protect shoulders.
138,Pressing,Keep arc.
138,Too Heavy,Isolation move.
138,Straight Arms,Slight bend.
139,Elbows Flaring,Keep in.
139,Moving Shoulders,Elbow hinge only.
139,Hitting Head,Be careful!
140,Sagging Hips,Heavy core.
140,Face Plant,Control.
140,Elbow Flare,Arrow shape.
141,Hands Too High,Under chest.
141,Flaring,Tuck.
141,Hips,Plank.
142,Arching Back,Isolate hip.
142,Opening Hips,Stay square.
142,Swinging,Control.
143,Leaning Back,Reduce weight.
143,Shrugging,Traps down.
143,High,Shoulder height.
144,Arching,Ribs down.
144,Impacting Shoulders,Turn palms in/neutral.
144,Momentum,Strict.
145,Flapping,Control.
145,Traps,Neck long.
145,Heavy,Go light.
146,Grinding,Rotation needed.
146,Arching,Core.
146,Speed,Slow.
147,Neck pull,Abs.
147,Momentum,Slow.
147,Lower Back,Press down.
148,Roling Back,Stay on side.
148,Neck,Keep neutral.
148,Range,Lift high.
149,Arms only,Rotate torso.
149,Round back,Posture.
149,Knee Torque,Pivot foot.
150,Leaning Back,Stay vertical.
150,Shrugging,Relax traps.
150,Throwing,Lift.
151,Rising Up,Stay down.
151,Hunched,Look forward.
151,Knee Pain,Stop.
152,Swinging,Strict.
152,Torso Rising,Stay bent.
152,Head Up,Neutral neck.
153,Wrist Extension,Keep wrists straight.
153,Swinging,Strict.
153,Elbow flare,Pin them.
154,Rushing,Two distinct moves.
154,Arching,Ribs down.
154,Leaning,Vertical.
155,Rounding,Flat back.
155,Just Arms,Use hips.
155,Knee Torque,Pivot!
156,Dropping Elbows,Keep 90 deg.
156,Hiking Traps,Shoulders down.
156,Momentum,Strict.
157,Squatting,It's a hinge.
157,Rounding,Chest out.
157,Looking Up,Chin tuck.
158,Clanking,Don't.
158,Flaring,Tuck elbows.
158,Feet Dancing,Plant them.
159,Bouncing elbows,Gentle touch.
159,Arching,Flat back.
159,Speed,Control.
160,Lifting Chest,Stay glued.
160,Head Bobbing,Still.
160,Short ROM,Full hanging.
161,Knee Slam,Control.
161,Leaning,Stay tall.
161,Tightrope,Widen.
162,Arching Back,Too heavy.
162,Half Reps,Full extension.
162,Flaring Ribs,Abs tight.
163,Bending Elbows,Not skullcrusher.
163,Hips Rising,Keep down.
163,Range,Shoulder safety.
164,Rolling,Accident risk.
164,Bending Arms,Don't.
164,Head Jutting,Neck back.
165,Bending Both,Straighten one.
165,Knee Cave,Push out.
165,Rounding,Flat back.
166,Pressing out,Punch it.
166,Rounding,Flat back.
166,Slow,Explosive.
167,Separating moves,Fluid.
167,Back round,Posture.
167,Weak Drive,Use hips.
168,Pausing,Fluid.
168,Squatting Early,Wait for bar.
168,Arching,Abs.
169,Knees Caving,Push out.
169,Heels Up,Flat.
169,Looking Down,Forward.
170,Bouncing,Dead stop.
170,Knee Cave,Aliign.
170,Low Box,90 deg.
171,Stutter,Commit.
171,Knees,Soft touch.
171,Leaning,Tall.
172,Dropping Weight,Secure grip.
172,Rushing,Squeeze.
172,Rounding,Chest up.
173,Face plant,Be fast.
173,Sagging,Core.
173,Half rep,Full ROM.
174,Lift off pad,Keep elbows down.
174,Short ROM,All the way.
174,Wrist curl,Neutral.
175,Arching back,Ribs down.
175,Neck pain,Look forward.
175,Feet too far,Hamstrings take over.
176,Knee slam,Control.
176,Stiff,Absorb.
176,Torso,Upright.
177,New Elbow,Pin it.
177,heavy,Incorrect.
177,Body turn,Isolate.
178,Bouncing,Control.
178,Knees bent,Straight.
178,Rolling,Big toe.
179,Pulling to Chin,To Eyes.
179,Elbows Low,High.
179,Head Forward,Neutral.
180,slouching,Tall.
180,Swinging weights,Stable.
180,Rushing,Control.
181,Leaning,Stay centered.
181,Back Rotation,Hips only.
181,Low,Challenge range.
182,Flaring,Elbows in.
182,Pressing,Extension only.
182,Unsafe,Spotter.
183,Pressing,Arc.
183,Deep,Shoulder.
183,Fast,Tension.
184,Toes dragging,Be fast.
184,Landing hard,Soft.
184,Fear,Commit.
185,Shrugging,Shoulders down.
185,Head Lift,Keep down.
185,Momentum,Squeeze.
186,Arching,Hands under glutes.
186,Big Kicks,Small.
186,Bent Knees,Straight.
187,Rolling Bone,Painful.
187,Too Fast,Slow.
187,Tensing,Relax.
188,Fast,Slow.
188,Arching back,Core.
188,Rolling knee,Avoid joints.
189,Forcing,Relax.
189,Pain,Ease off.
189,Tensing,Let go.
190,Numbness,Stop.
190,Bone,Muscle only.
190,Fast,Slow.
191,Slouching,Support weight.
191,Rolling Bone,Soft tissue.
191,Too fast,Melt.
192,Knee,Avoid popliteal.
192,Fast,Slow.
192,Slacking,Put weight on.
193,Tensing,Relax.
193,Rushing,Sink in.
193,Knee,Avoid.
194,Ribs,Careful on floating ribs.
194,Fast,Slow.
194,Tense,Relax.
195,Arching,Keep ribs down.
195,Pain,Stop.
195,Kidneys,Don't go too low/side.
196,Weight,Don't press hard.
196,Vertebrae,Soft tissue.
196,Fast,Slow.
197,Bone,Stay on meat.
197,Fast,Breathe.
197,Tensing,Relax.
198,Back sag,Plank strong.
198,Kneecap,Avoid.
198,Rushing,Target knots.
199,Lower back,Stay upper.
199,Neck,Support.
199,Fast,Explore.
200,Lean,Tall.
200,High,Level.
200,Traps,Down.
201,Arching Back,Engage core.
201,Forcing Height,Stay natural.
201,Bent Knee,Straight leg.
202,Stiff Landing,Absorb impact.
202,Looking Down,Forward.
202,Stopping,Find rhythm.
203,Elbows Dropping,Torso falls forward.
203,Rounding Upper Back,Chest up.
203,Heels lifting,Mobility.
204,Dropping Hands,Keep guard up.
204,Lazy Retract,Snap back.
204,Flat Foot,Ball of foot.
205,Pressing out,Use leg drive.
205,Slow elbows,Fast turnover.
205,Short split,Step wide.
206,Lifting Hips,Tailbone down.
206,Tensing neck,Relax.
206,Forcing,Gentle.
207,Rounding,Chest up.
207,Knees caving,Push out.
207,Heels up,Flat.
208,Sagging hips,Plank strong.
208,Narrow feet,Outside hands.
208,Stiff,Relax hips.
209,Rings wandering,Stabilize.
209,Shrugging,Push down.
209,Kipping,Strict first.
210,Bent Knees,Straighten.
210,Leaning back,Stay vertical.
210,Shaking,Normal!
211,Kipping,Strict.
211,Half reps,Full range.
211,One arm pull,Symmetry.
212,Bent arms,Lock out.
212,Rings shaking,Stabilize.
212,Shoulders up,Depress.
213,Hips sagging,Core.
213,Head Bob,Neutral.
213,Elbow flare,Tuck.
214,Shrugging,Relax traps.
214,Head forward,Head back.
214,Locking hard,Soft lockout.
215,Rounding back,Hinge hips.
215,Bouncing,Static.
215,Bent knee,Straight.
216,Elbow flare,Dangerous.
216,Arching,Hollow body.
216,Crashing,Control.
217,Walking on bent arms,Straighten.
217,Over-arching,Hollow.
217,Legs flailing,Together.
218,Momentum,Stop at bottom.
218,Arching,Hollow.
218,Shoulder pain,Active hang.
219,Bent knees,Straighten.
219,Swinging,Strict.
219,Leaning back,Core.
220,Bent arms,Straight.
220,Missing contact,Touch.
220,Hyperextending,Core.
221,Dropping legs,Keep high.
221,Momentum,Control.
221,Grip failure,Chalk up.
222,Rounding,Flat back.
222,Pulling with arms,Long arms.
222,Hyperextending,Just stand tall.
223,shin scrape,Commit.
223,Hard landing,Soft.
223,Falling off,Focus.
224,Low knees,Get them up.
224,Slow,Sprint pace.
224,Heel striking,Toes.
225,Stopping,Continuous.
225,Hips low,Start high.
225,Neck craning,Follow spine.
226,Heels touching,Stay on balls.
226,Slow,Rhythm.
226,Knee pain,Stop.
227,Moving Torso,Isolate hip.
227,Small circle,Maximize.
227,Speed,Slow.
228,Arching back,Glutes only.
228,Pushing head,Relax neck.
228,Knees caving,Parallel.
229,Flat back breaks,Keep shape.
229,Big rock,Subtle.
229,Head forward,Arms by ears.
230,Heels touching,Stay up.
230,Knees bending deep,Stiff legs.
230,Heavy,Light.
231,Bending knees,Try not to.
231,Sagging hips,Plank.
231,Rushing,Stretch.
232,Bouncing off chest,Touch.
232,Too steep,Shoulders take over.
232,Wrists bent,Straight.
233,Pressing,Flye motion.
233,Touching weights,Stop before touch.
233,Head lifting,Stay back.
234,Flaring,Tuck.
234,Too narrow,Wrist strain.
234,Arching,Flat back.
235,Flaring elbows,45 deg.
235,Dumping weights forward,Vertical forearm.
235,Short ROM,Touch shoulders.
236,Slipping,Steady.
236,Hips sagging,Plank.
236,Wrist pain,Check grip.
237,Rolling hips,Stay square.
237,Plank break,Straight line.
237,Rushing,Control.
238,Butt high,Line.
238,Sagging,Lift.
238,Head drop,Neutral.
239,Half reps,Touch chest.
239,Hips low,Plank.
239,Neck,Look forward.
240,Body twist,Shoulder only.
240,Heavy,Injury risk.
240,Elbow moving,Pin it.
241,Bouncing,Control.
241,Knees bent,Straight.
241,Rolling ankle,Stability.
242,Sagging hips,Glutes on.
242,Chin reaching,Chest specific.
242,Kipping,Strict.
243,Bent legs,Straight.
243,Momentum,Abs.
243,Neck pull,Don't.
244,Stiff legs,Bend knees.
244,Chest drop,Upright.
244,Pausing,Flow.
245,Heels touching,Stay up.
245,Knee bending,Ankle focus.
245,Slow,Fast.
246, Knees in,Knees out.
246,Heavy landing,Soft.
246,Partial arms,Full range.
247,Hips wobbly,Lock them.
247,Dropping KB,Grip.
247,Hitting legs,Clearance.
248,Squatting,Hips back.
248,Rounding,Chest up.
248,Hyperextending,Tall.
249,Hip opening,Keep square.
249,Rounding,Posture.
249,Touch down,Try to float.
250,Banging wrist,Punch through.
250,Strict clean,Use swing.
250,Arching,Ribs down.
251,Rounding,Postue.
251,Heels up,Ankle mobility.
251,Dropping chest,Look forward.
252,Pausing,Fluid.
252,Pressing early,Leg drive.
252,Arching,Core.
253,Bending both knees,Keep back leg straight.
253,Looking down,Look at weight.
253,Rounding,Chest open.
254,Butt high,Lower.
254,Sagging hips,Lift.
254,Head drop,Neutral.
255,Twisting,Stay flat.
255,Sagging,Core.
255,Rushing,Balance.
256,Hesitation,Commit.
256,Landing stiff,Soft.
256,Toes dragging,Explode.
257,Head lifting,Relax neck.
257,Tensing shoulders,Down.
257,Holding breath,Exhale.
258,Moving hips,Use abs not glutes.
258,Pulling with arms,Abs.
258,Straight back,Round it (flexion).
259,Arching,Ribs down.
259,Leaning too far,Glute squeeze.
259,Knee pain,Pad floor.
260,Leaning back,Core.
260,Side lean,Stay vertical.
260,Shoulder hike,Down.
261,Bending elbows,Locked.
261,Sagging hips,Plank.
261,Neck movement,Still.
262,Arching,Ribs down.
262,Twisting,Square hips.
262,Elbow flare,Tuck.
263,Forcing,Pain.
263,Bent elbows,Straight.
263,Shoulder shrug,Relax.
264,Dropping legs,Hold.
264,Kipping,Strict.
264,Half ROM,Full pull.
265,Arching,Ribs down.
265,Shrugging,Relax traps.
265,Stance,Stable.
266,Swinging,Strict.
266,Traps,Down.
266,Heavy,Light.
267,Rounding,Flat back.
267,Knee cave,Push out.
267,Heel lift,Flat.
268,Shrugging,Neck long.
268,Too heavy,Form.
268,Range,Shoulder height.
269,Arm moving away,Pin elbow.
269,Body roll,Stable.
269,Heavy,Light.
270,Wrist curl,Neutral.
270,Fast,Slow.
270,Pain,Stop.
271,Momentum,Strict.
271,Position,Elbow on hip.
271,Weight,Light.
272,Hip lift,Flat.
272,Speed,Slow.
272,Pain,ROM limit.
273,Shoulder pop,Depress.
273,Wrist,Straight.
273,Rushing,Squeeze.
274,Knee Lockout,Soft knees.
274,Shallow,90 deg.
274,Hips Lifting,Push low back down.
275,Slipping,Secure feet.
275,Bouncing,Control.
275,Knee bend,Straight.
276,Ego lifting,Full ROM.
276,Locking,Never.
276,Hands on knees,Hands on handles.
277,Momentum,Squeeze.
277,Back rounding,Chest up.
277,Feet touching,Keep up.
278,Shrugging,Relax traps.
278,Pressing,Flye arc.
278,Swinging,Stance.
279,Leaning,Tall.
279,Knee slam,Control.
279,Low kick,Aim high.
280,Rising up,Stay low.
280,Dropping guard,Hands up.
280,Slack,Punch hard.
281,Knee cave,Stable.
281,Twisting Knee,Torso only.
281,Falling,Widen stance.
282,Leaning,Upright.
282,Swinging arms,Strict.
282,Rising,Stay down.
283,Arching,Hands under butt.
283,Bent knees,Straight.
283,Neck,Relax.
284,Elbow move,Pin.
284,Face,Avoid hitting.
284,Fast,Slow.
285,Jerking,Smooth.
285,Heavy,Dangerous.
285,Hyperextending,Neutral.
286,Lifting hips,Press down.
286,Momentum,Squeeze.
286,Toes out,Neutral.
287,Arching,Imprint spine.
287,Momentum,Control.
287,Neck lift,Relax.
288,Rolling back,Stack hips.
288,Toe up,Heel up.
288,High kick,Target muscle.
289,Bent knee,Straight.
289,Arching,Press down.
289,Rushing,Slow.
290,Stepping off fast,Control stack.
290,Shrugging,Depress.
290,Kipping,Strict.
291,Lifting elbows,Plant them.
291,Short ROM,Full.
291,Rocking,Isolate.
292,Knees caving,Push out.
292,Heels lifting,Flat.
292,Shallow,Depth.
293,Arching,Ribs down.
293,Head forward,Back.
293,Elbow flare,Slight tuck.
294,Spine twist,Pivot feet.
294,Weak slam,Power.
294,Rounding,Squat.
295,Elbow flare,Tuck.
295,Lobbing,Straight line.
295,Lazy,Explode.
296,Dropping on face,Focus.
296,Elbows wide,Tuck.
296,Weak throw,Push.
297,Elbow drop,Keep high.
297,No hips,Rotate.
297,Weak,Drive.
298,Wobble,Stabilize.
298,Hips sag,Plank.
298,Face plant,Careful.
299,All arms,Use core.
299,Planting feet,Pivot.
299,Slow,Fast.
300,Back bending,Use core.
300,Tapping,Slam.
300,Face,Watch bounce.
301,Squatting,Hinge.
301,Lifting with shoulders,Use hips.
301,Rounding,Flat back.
302,Weak throw,Power.
302,Jogging,Sprint.
302,Tripping,Watch footing.
303,Bent knees,Straight.
303,Neck strain,Look up.
303,Momentum,Squeeze.
304,Standing still,Use legs.
304,Dropping ball,Focus.
304,Too close,Step back.
305,Rounding,Tall.
305,Arms only,Hips.
305,Knee torque,Pivot.
306,Butt high,Hips down.
306,Head bob,Still.
306,Half rep,Chest to floor.
307,Pulling neck,Don't.
307,Hips rocking,Stable.
307,Holding breath,Exhale.
308,Momentum,Slow.
308,Lifting low back,Press down.
308,Neck pain,Support.
309,Wiggle,Statue.
309,Sagging,Core.
309,Hand placement,Under shoulder.
310,Rolling forward,Open up.
310,Hips low,Lift.
310,Pain,Pad knee.
311,Straight arm hang,Active shoulders.
311,Slipping,Chalk/Gloves.
311,Falling,Safety (mat).
312,Butt high,Lower.
312,Bouncing,Stay flat.
312,Looking back,Forward.
313,Chicken wing,Both arms same time.
313,Weak pull,Explode.
313,Elbow pain,Warm up.
314,Forcing,Pain.
314,Shrugging,Relax.
314,Holding breath,Breathe.
315,Falling,Resist.
315,Swinging,Core.
315,Giving up,Fight it.
316,Slouching,Sit tall.
316,Knees in,Track toes.
316,Gripping,Relax.
317,Twisting,Square hips.
317,Jerking,Smooth.
317,Rounding,Posture.
318,Twisting,Square.
318,Shoulder lift,Hips.
318,Squatting,Hinge.
319,Rolling,Stay on side.
319,Using abs,Use arm.
319,Neck,Relax.
320,Leaning,Sit still.
320,Momentum,Strict.
320,Wrist,Neutral.
321,Squatting,Just a dip.
321,Pressing early,Legs first.
321,Arching,Core.
322,Rounding,Chest out.
322,Rotation,Square.
322,Yanking,Control.
323,Banging wrist,Technique.
323,Pressing out,Punch.
323,Squatting,Hinge.
324,Dropping elbows,Keep high.
324,Shrugging,Relax.
324,Heavy,Light.
325,Elbows drop,Shoulder height.
325,Body swing,Strict.
325,Rushing,Squeeze.
326,Arms forward,Press back.
326,Heels up,Flat.
326,Rounding,Chest up.
327,Arching,Ribs down.
327,Hitting head,Careful.
327,Lean,Tall.
328,Arms bending,Lock out.
328,Leaning,Upright.
328,Knees,Out.
329,Head down,Look forward.
329,Arching,Ribs in.
329,Forcing,Gentle.
330,Dropping arms,Keep up.
330,Heels,Flat.
330,Leaning,Vertical.
331,Turning,Statue.
331,Shrugging,Down.
331,Leaning,Vertical.
332,Locking out,Stay bent.
332,Resting,Constant.
332,Rounding,Posture.
333,Arching,Stop.
333,Fast,Slow.
333,Holding breath,Breathe.
334,Knee pain,Ease off.
334,Rounding,Tall.
334,Tense,Relax.
335,Heel lift,Flat.
335,Falling,Hold support.
335,Knee cave,Track.
336,Sagging,Core.
336,Piking,Lower.
336,Head drop,Neutral.
337,Bouncing hips,Flat.
337,Sagging,Core.
337,Shoulders,Stable.
338,Butt high,Plank.
338,Foot drag,Pick up.
338,Rushing,Squeeze.
339,Arching,Ribs in.
339,Too high,Level.
339,Twisting,Square.
340,Hips sag,Lift.
340,Elbow pain,Pad.
340,Fast,Slow.
341,Hips moving,Shoulders only.
341,Head bob,Still.
341,Sagging,Core.
342,Rocking,Statue.
342,Sagging,Core.
342,Hand wide,Under shoulder.
343,Rocking,Tighten.
343,Hand pos,Under shoulder.
343,Sagging,Lift.
344,Twisting,Square.
344,Falling,Control.
344,Hips high,Line.
345,Arms bent,Lock.
345,Leaning,Tall.
345,Knee slam,Control.
346,Dizziness,Stop.
346,Letting go,Hold.
346,Jumping,Safety.
347,Low skip,High.
347,Flat foot,Toes.
347,Slow,Power.
348,Rounding,Chest out.
348,Squatting,Hinge.
348,Neck,Neutral.
349,Wobble,Stabilize.
349,Knee valgus,Out.
349,Rounding,Tall.
350,Rounding,Fight it.
350,Heels up,Flat.
350,Knees in,Out.
351,Lifting hips,Press down.
351,Fast,Control.
351,Cramping,Relax.
352,Arching back,Too high.
352,Rotating hip,Square.
352,Bending knee,Straight.
353,Hips rising,Ground them.
353,Snap back,Control.
353,Arching,Core.
354,Kipping,Strict.
354,Reaching chin,Pull high.
354,Half reps,Lockout.
355,Sagging hips,Lift.
355,Worming,Rigid body.
355,Flaring elbows,Tuck.
356,Hyperextending,Just stand.
356,Shrugging,Shoulders down.
356,Jerking,Pull slack.
357,Forcing,Gravity only.
357,Locking knees,Soft.
357,Looking up,Head down.
358,Sagging,Core.
358,Face plant,Control.
358,Hip twist,Square.
359,Shrugging,Relax traps.
359,Bend elbows,Straight.
359,Rushing,Squeeze.
360,Twisting hips,Square.
360,Sagging,Plank.
360,Butt high,Level.
361,Momentum,Abs.
361,Pulling head,Relax neck.
361,Hip flexors,Isolate.
362,Rounding,Chest up.
362,Standing up,Stay bent.
362,Yanking,Control.
363,Swinging,Strict.
363,Elbows fwd,Sides.
363,Wrist curl,Neutral.
364,Tensing,Let go.
364,Bent knee,Straight.
364,Pain,Gentle.
365,Shrugging,Relax.
365,Bent elbows,Lock.
365,Arching,Ribs in.
366,Rubbing arms,Adjust.
366,Shrugging,Down.
366,Lean,Tall.
367,Rolling back,Stack hips.
367,Waist twist,No.
367,Fast,Squeeze.
368,Rounding,Posture.
368,Squatting,Hinge.
368,Slack,Choke up.
369,Whole leg,Ankle only.
369,Fast,Control.
369,Slack,Tension.
370,Knees caving,Push out.
370,Arching,Glutes.
370,Neck,Relax.
371,Arching back,Ribs in.
371,Swinging,Squeeze.
371,Leaning,Tall.
372,Shrugging,Down.
372,Swinging,Strict.
372,Hands high,Level.
373,Arching,Core.
373,Hip lift,Flat.
373,Snap,Control.
374,Fast,Slow.
374,Leg moving,Ankle.
374,Slack,Tension.
375,Band slip,Secure.
375,Sagging,Core.
375,Half rep,Lockout.
376,Lean back,Vertical.
376,Shrug,Down.
376,High,Shoulder lvl.
377,Rocking,Level.
377,Dragging feet,Step.
377,Knees in,Out.
378,Pause,Fluid.
378,Arching,Core.
378,Grip,Secure.
379,Rounding,Posture.
379,Knees in,Out.
379,Slack,Tension.
380,Arching,Core.
380,Shrugging,Down.
380,Wide,Vertical.
381,Elbow drop,Pin.
381,Swing,Strict.
381,Shoulder move,Iso.
382,Flaring,Tuck.
382,Arching,Ribs in.
382,Hitting head,Careful.
383,Momentum,Abs.
383,Flat back,Curl.
383,Fast,Slow.
384,Shrugging,Down.
384,Bending arms,Straight-ish.
384,Lean,Tall.
385,Swinging legs,Abs.
385,Fast,Slow.
385,Neck,Relax.
386,Lean fwd,Tall.
386,Knee slam,Touch.
386,Balance,Width.
387,Standing up,Stay bent.
387,Swing,Strict.
387,Shrug,Down.
388,Wrist pain,Stop.
388,Sagging,Core.
388,Half rep,Full.
389,Wrist ext,Neutral.
389,Swing,Strict.
389,Elbow flare,Pin.
390,Sagging,Lift.
390,Head fwd,Back.
390,Knee bent,Straight.
391,Lean fwd,Tall.
391,Forcing,Gentle.
391,Breath,Exhale.
392,Grip slip,Thumb around.
392,Flare,Tuck.
392,Arch,Safe.
393,Rotation,Lateral only.
393,Yanking,Smooth.
393,Range,Safe.
394,Squatting,Hinge.
394,Rounding,Chest out.
394,Reaching,Hips back.
395,All arms,Use legs.
395,Slide burn,Socks/Pants.
395,Falling,Safety.
396,Arms wide,Close.
396,High jump,Small.
396,Stiff,Soft.
397,No pivot,Knee risk.
397,Toes up,Side of foot.
397,Lean,Balance.
398,Arm wave,Torso twist.
398,Rounding,Chest up.
398,Feet touching,Up.
399,Arching low back,Glute squeeze.
399,Knee pain,Pad.
399,Balance,Width.
400,Bending elbows,Straight.
400,Swing,Still.
400,Neck,Relax.
401,Shrugging,Traps down.
401,Dropping elbows,Keep high.
401,Heavy,Light.
402,Forcing,Gentle.
402,Fast,Slow.
402,Holding breath,Exhale.
403,Bent arms,Straight.
403,Heavy landing,Soft.
403,Slouching,Tall.
404,Bouncing,Control.
404,Fast,Slow.
404,Lifting toes,Heels only.
405,Head fwd,On bench.
405,Swinging,Strict.
405,Short ROM,Full ext.
406,Moving leg,Ankle only.
406,Fast,Explore range.
406,Slouching,Tall.
407,Pain,Stop.
407,Tensing,Relax.
407,Bouncing,Static.
408,Arching,Ribs in.
408,Missing rotation,Twist.
408,Clanking,Control.
409,Leaning back,Vertical.
409,Half rep,Chin level.
409,Elbow flare,Tuck.
410,Rounding,Chest up.
410,Feet touch,Keep up.
410,Momentum,Squeeze.
411,Sitting up,Stay down.
411,Shrug,Down.
411,Swing,Strict.
412,Shoulders only,Use pelvis.
412,Fast,Breath speed.
412,Forcing,Gentle.
413,Slouching,Tall.
413,Swinging,Squeeze.
413,Low lift,Straight.
414,Fast,Hold.
414,Leaning,Core.
414,Breath,Exhale.
415,Shrugging,Relax.
415,Turning body,Square.
415,Forcing,Ease.
416,Leaning back,Core.
416,Trap dom,Shoulders.
416,Throwing,Lift.
417,Fast,Control.
417,Low ROM,Full.
417,Pain,Check weight.
418,Swinging,Can't swing seated.
418,Elbow fwd,Pin.
418,Wrist,Neutral.
419,Leaning back,Stay fwd.
419,Shoulder lifting,Arm only.
419,Cheating,Strict.
420,Arm lift,Wrist only.
420,Heavy,Light.
420,Fast,Control.
421,Elbow lift,Pin.
421,Shoulder,Relax.
421,Range,Full.
422,Arm moving,Wrist only.
422,Fast,Slow.
422,Drop,Grip.
423,Rounding,Chest up.
423,Big kicks,Small.
423,Holding breath,Exhale.
424,Rounding,Hinge.
424,Bouncing,Static.
424,Knee bent,Straight-ish.
425,Slouching,Tall.
425,Lazy,Big moves.
425,Stomping,Light.
426,Leaning back,Tall.
426,Use hands,No hands.
426,Fast,Control.
427,Swing,Muscle.
427,Slouch,Posture.
427,Low,High.
428,Pulling neck,Don't.
428,Rounding,Chest up.
428,Arm wave,Torso.
429,Shrugging,Down.
429,Rocking,Strict.
429,High,Shoulder lvl.
430,Rounding,Tall.
430,Touching back,Hover.
430,Neck,Neutral.
431,Butt lift,Sit down.
431,Fast up,Slow eccentric.
431,Toes out,Neutral.
432,Rounding,Flat back.
432,Leaning too far,Vertical.
432,Shrugging,Down.
433,Forcing,Gentle.
433,Hips moving,Fixed.
433,Slouching,Tall.
434,Chest off pad,Glue it.
434,Shrug,Down.
434,Short ROM,Stretch.
435,Bouncing,Control.
435,Fast,Slow.
435,Slipping,Secure.
436,Kicking,Press.
436,Butt lift,Hold handles.
436,Fast,Control.
437,Pulling hard,No.
437,Shoulder up,Down.
437,Breath hold,Exhale.
438,Chin tuck/lift,Level.
438,Fast,Slow.
438,Shoulder turn,Neck only.
439,Heavy,Light.
439,Elbow,Still.
439,Fast,Slow.
440,Shoulder,Relax.
440,Elbow,Pin.
440,Momentum,Strict.
441,Pain,Stop.
441,Shrug,Relax.
441,Forcing,Gentle.
442,Leaning,Center.
442,Lazy,Snap.
442,Legs moving,Plant.
443,Rocking,Still.
443,Slouch,Tall.
443,Fast,Control.
444,Hip lift,Sit.
444,Fast,Slow.
444,Slack,Tension.
445,Band slip,Secure.
445,Slouch,Tall.
445,Snap back,Control.
446,Pain,Stop.
446,Hip hike,Square.
446,Fast,Slow.
447,Sitting too long,Stay warm.
447,Gulping,Sip.
447,Stopping,Active rest.
448,Arching,Ribs in.
448,Forward head,Back.
448,Half rep,Lockout.
449,Fast,Slow.
449,Small,Big.
449,Tense,Relax.
450,Forward lean,Side.
450,Lifting hip,Sit heavy.
450,Pain,Stop.
451,Lifting hip,Glue it.
451,Falling forward,Side only.
451,Neck strain,Neutral.
452,Elbow flare,Pin.
452,Head hit,Careful.
452,Arching,Ribs in.
453,Slouching,Tall.
453,Touching floor,Hover.
453,Holding breath,Exhale.
454,Flare,Tuck.
454,Short ROM,Deep.
454,Arching,Core.
455,Breathing in,Hold breath out.
455,Shrugging,Relax.
455,Eating before,Empty stomach.
456,Tensing,Melt.
456,Phone use,Unplug.
456,Legs straight,Bent.
457,Dropping hands,Chin down.
457,Flat feet,Toes.
457,Overextending,Elbow safety.
458,Bending elbows,Straight.
458,Rib flare,Core.
458,Fast,Slow.
459,Shrug,Down.
459,Twist,Square.
459,Force,No.
460,Knee torque,Pivot.
460,No slam,Hard.
460,Back rounding,Core.
461,Stiff leg,Bend.
461,Back pain,Upright.
461,Twisting knee,Align.
462,Pulling neck,Don't.
462,Hip lift,Keep down.
462,Fast,Squeeze.
463,Torso sway,Stable.
463,Hi kick,Control.
463,Twist,Square.
464,Arching,Tuck tial.
464,Knee fwd,Pull back.
464,Rolling,Balance.
465,Rolling fwd,Chest open.
465,Hips sag,Lift.
465,Shoulder pain,Align.
466,Rolling,Stack.
466,Touching floor,Hover.
466,Neck,Neutral.
467,Shoulder collapse,Push away.
467,Head drop,Align.
467,Fast,Control.
468,Hips drop,Fight.
468,Leg fwd,Stack.
468,Holding breath,Exhale.
469,Hips drop,Lift.
469,Wobble,Feet split.
469,Fast,Control.
470,Stiff,Absorb.
470,Knees in,Out.
470,Tipping,Balance.
471,Hips drop,Lift.
471,Twisting,Square.
471,Elbow flare,Tuck.
472,Falling off,Plant feet.
472,Uneven,Lock core.
472,Fast,Control.
473,Shrug,Down.
473,Swing,Strict.
473,High,Shoulder.
474,Twist,Square.
474,Shrug,Down.
474,Lean,Vertical.
475,Leaning,Resist.
475,Leg hitting,Clearance.
475,Slouch,Tall.
476,Rounding,Flat.
476,Rotation,Square.
476,Yanking,Smooth.
477,Swing,Strict.
477,Lean,Tall.
477,Grip,Tight.
478,Arching,Ribs in.
478,Twist,Square.
478,Shrug,Down.
479,Slip,Grip.
479,Sag,Plank.
479,Neck,Neutral.
480,Arm drop,Lock.
480,Heel lift,Mobility.
480,Twisting,Square.
481,Twist,Square.
481,Slouch,Rigid.
481,Face,Careful.
482,Hip drop,Level.
482,Flailing,Arms out.
482,Looking down,Horizon.
483,Plonking,Control.
483,Knee cave,Out.
483,Swing,Strict.
484,Arching,Ribs in.
484,Hip drop,Level.
484,Hamstring cramp,Foot closer.
485,Heel strike,Toe.
485,Knee cave,Out.
485,Heavy,Light.
486,Hip open,Point toe down.
486,Rounding,Flat.
486,Touch down,Float.
487,Swing,Strict.
487,Lean,Tall.
487,Shrug,Down.
488,Arching,Core.
488,Shrug,Safe.
488,Clunk,Control.
489,Leaning away,Stay tall.
489,Throwing,Muscle.
489,Trap,Relax.
490,Grinding,Rotate palm.
490,Arch,Core.
490,Fast,Tempo.
491,Momentum,Stop.
491,Chin up,Neutral.
491,Heavy,Light.
492,Bending hips,Hips fwd.
492,Heels down,Up.
492,Knee pain,Stop.
493,Yanking neck,Hands chest.
493,Slamming back,Roll.
493,Feet lift,Anchor.
494,Rounding,Tall.
494,Tripping,Watch.
494,Slack,Tight.
495,High hips,Drive line.
495,Stiff arms,Lock/Spring.
495,Slipping,Grip.
496,Misalign,Check spot.
496,Pushing curve,Straight.
496,Locking,Soft.
497,Bar slip,Mid foot.
497,Back arch,Flat.
497,Unlock,Careful.
498,Head fwd,Bar path.
498,Arching,Ribs in.
498,Too deep,Chin lvl.
499,Hips back too far,Guided.
499,Rounding,Tall.
499,Knees in,Out.
500,Sagging,Core.
500,Butt high,Flat.
500,Slow,Snap.
501,Common Mistake,Letting the hips sag; twisting the spine excessively; not bringing the knee close enough to the elbow.
501,Common Mistake,Letting the hips sag; twisting the spine excessively; not bringing the knee close enough to the elbow.
501,Common Mistake,Letting the hips sag; twisting the spine excessively; not bringing the knee close enough to the elbow.
502,Common Mistake,Landing with knees locked; letting the front knee cave inward; banging the back knee on the floor.
502,Common Mistake,Landing with knees locked; letting the front knee cave inward; banging the back knee on the floor.
502,Common Mistake,Landing with knees locked; letting the front knee cave inward; banging the back knee on the floor.
503,Common Mistake,Swinging with only the arms without engaging the hips; neglecting the non-dominant side.
503,Common Mistake,Swinging with only the arms without engaging the hips; neglecting the non-dominant side.
503,Common Mistake,Swinging with only the arms without engaging the hips; neglecting the non-dominant side.
504,Common Mistake,Stiff legs; not anticipating the sack's trajectory.
504,Common Mistake,Stiff legs; not anticipating the sack's trajectory.
504,Common Mistake,Stiff legs; not anticipating the sack's trajectory.
505,Common Mistake,Head down constantly looked at the ball; poor conditioning.
505,Common Mistake,Head down constantly looked at the ball; poor conditioning.
505,Common Mistake,Head down constantly looked at the ball; poor conditioning.
506,Common Mistake,Standing flat-footed; lazy footwork.
506,Common Mistake,Standing flat-footed; lazy footwork.
506,Common Mistake,Standing flat-footed; lazy footwork.
507,Common Mistake,Tensing the shoulders; heel striking significantly; failing to warm up.
507,Common Mistake,Tensing the shoulders; heel striking significantly; failing to warm up.
507,Common Mistake,Tensing the shoulders; heel striking significantly; failing to warm up.
508,Common Mistake,Rising up out of the squat during the jump; letting knees cave in.
508,Common Mistake,Rising up out of the squat during the jump; letting knees cave in.
508,Common Mistake,Rising up out of the squat during the jump; letting knees cave in.
509,Common Mistake,Using momentum to swing the leg; excessive leaning.
509,Common Mistake,Using momentum to swing the leg; excessive leaning.
509,Common Mistake,Using momentum to swing the leg; excessive leaning.
510,Common Mistake,Bending the knees; sagging hips at the bottom.
510,Common Mistake,Bending the knees; sagging hips at the bottom.
510,Common Mistake,Bending the knees; sagging hips at the bottom.
511,Common Mistake,Swinging the body; straining the neck.
511,Common Mistake,Swinging the body; straining the neck.
511,Common Mistake,Swinging the body; straining the neck.
512,Common Mistake,Dropping the hips; moving too fast without control.
512,Common Mistake,Dropping the hips; moving too fast without control.
512,Common Mistake,Dropping the hips; moving too fast without control.
513,Common Mistake,Rocking the body to help lift the weight; slouching.
513,Common Mistake,Rocking the body to help lift the weight; slouching.
513,Common Mistake,Rocking the body to help lift the weight; slouching.
514,Common Mistake,Pulling on the neck with hands; using hips to lift.
514,Common Mistake,Pulling on the neck with hands; using hips to lift.
514,Common Mistake,Pulling on the neck with hands; using hips to lift.
515,Common Mistake,Lowering the weights too far (stressing shoulders); dropping the hips.
515,Common Mistake,Lowering the weights too far (stressing shoulders); dropping the hips.
515,Common Mistake,Lowering the weights too far (stressing shoulders); dropping the hips.
516,Common Mistake,Wobbling on the ball; letting hips sag.
516,Common Mistake,Wobbling on the ball; letting hips sag.
516,Common Mistake,Wobbling on the ball; letting hips sag.
517,Common Mistake,Leaning back excessively; bouncing on the ball.
517,Common Mistake,Leaning back excessively; bouncing on the ball.
517,Common Mistake,Leaning back excessively; bouncing on the ball.
518,Common Mistake,Dropping hips as you curl; using momentum.
518,Common Mistake,Dropping hips as you curl; using momentum.
518,Common Mistake,Dropping hips as you curl; using momentum.
519,Common Mistake,Arching the back; not controlling the lowering phase.
519,Common Mistake,Arching the back; not controlling the lowering phase.
519,Common Mistake,Arching the back; not controlling the lowering phase.
520,Common Mistake,Sagging hips in the plank; piking hips up too high.
520,Common Mistake,Sagging hips in the plank; piking hips up too high.
520,Common Mistake,Sagging hips in the plank; piking hips up too high.
521,Common Mistake,Hyperextending the back; swinging legs.
521,Common Mistake,Hyperextending the back; swinging legs.
521,Common Mistake,Hyperextending the back; swinging legs.
522,Common Mistake,Clasping hands tightly; holding breath; sagging hips.
522,Common Mistake,Clasping hands tightly; holding breath; sagging hips.
522,Common Mistake,Clasping hands tightly; holding breath; sagging hips.
523,Common Mistake,Allowing the ball to roll away; sagging core.
523,Common Mistake,Allowing the ball to roll away; sagging core.
523,Common Mistake,Allowing the ball to roll away; sagging core.
524,Common Mistake,Flaring elbows out too wide; collapsing core.
524,Common Mistake,Flaring elbows out too wide; collapsing core.
524,Common Mistake,Flaring elbows out too wide; collapsing core.
525,Common Mistake,Using momentum to swing legs up.
525,Common Mistake,Using momentum to swing legs up.
525,Common Mistake,Using momentum to swing legs up.
526,Common Mistake,Going out too far and hurting the back; sitting back on heels rather than using abs.
526,Common Mistake,Going out too far and hurting the back; sitting back on heels rather than using abs.
526,Common Mistake,Going out too far and hurting the back; sitting back on heels rather than using abs.
527,Common Mistake,Unable to keep hips lifted; loss of control.
527,Common Mistake,Unable to keep hips lifted; loss of control.
527,Common Mistake,Unable to keep hips lifted; loss of control.
528,Common Mistake,Pushing knees too far forward over toes.
528,Common Mistake,Pushing knees too far forward over toes.
528,Common Mistake,Pushing knees too far forward over toes.
529,Common Mistake,Twisting the torso excessively.
529,Common Mistake,Twisting the torso excessively.
529,Common Mistake,Twisting the torso excessively.
530,Common Mistake,Bouncing; knee going too far past toes.
530,Common Mistake,Bouncing; knee going too far past toes.
530,Common Mistake,Bouncing; knee going too far past toes.
531,Common Mistake,Shrugging shoulders; swinging wildly.
531,Common Mistake,Shrugging shoulders; swinging wildly.
531,Common Mistake,Shrugging shoulders; swinging wildly.
532,Common Mistake,Planting feet excessively while twisting knees.
532,Common Mistake,Planting feet excessively while twisting knees.
532,Common Mistake,Planting feet excessively while twisting knees.
533,Common Mistake,Leaning drastically to the supporting side.
533,Common Mistake,Leaning drastically to the supporting side.
533,Common Mistake,Leaning drastically to the supporting side.
534,Common Mistake,Bouncing the reps; incomplete range of motion.
534,Common Mistake,Bouncing the reps; incomplete range of motion.
534,Common Mistake,Bouncing the reps; incomplete range of motion.
535,Common Mistake,Arching the back excessively; using legs to push press (unless intended).
535,Common Mistake,Arching the back excessively; using legs to push press (unless intended).
535,Common Mistake,Arching the back excessively; using legs to push press (unless intended).
536,Common Mistake,Leaning back to hoist the weight; moving elbows forward.
536,Common Mistake,Leaning back to hoist the weight; moving elbows forward.
536,Common Mistake,Leaning back to hoist the weight; moving elbows forward.
537,Common Mistake,Flaring elbows excessively; shrugging shoulders.
537,Common Mistake,Flaring elbows excessively; shrugging shoulders.
537,Common Mistake,Flaring elbows excessively; shrugging shoulders.
538,Common Mistake,Pressing the weight instead of flying; leaning too far forward.
538,Common Mistake,Pressing the weight instead of flying; leaning too far forward.
538,Common Mistake,Pressing the weight instead of flying; leaning too far forward.
539,Common Mistake,Bringing the knee forward; flexed hip.
539,Common Mistake,Bringing the knee forward; flexed hip.
539,Common Mistake,Bringing the knee forward; flexed hip.
540,Common Mistake,Using the chair to pull yourself up.
540,Common Mistake,Using the chair to pull yourself up.
540,Common Mistake,Using the chair to pull yourself up.
541,Common Mistake,Pulling on neck; not twisting enough.
541,Common Mistake,Pulling on neck; not twisting enough.
541,Common Mistake,Pulling on neck; not twisting enough.
542,Common Mistake,Leaning forward or back; using momentum.
542,Common Mistake,Leaning forward or back; using momentum.
542,Common Mistake,Leaning forward or back; using momentum.
543,Common Mistake,Swinging without control.
543,Common Mistake,Swinging without control.
543,Common Mistake,Swinging without control.
544,Common Mistake,Swinging hips; lifting elbows.
544,Common Mistake,Swinging hips; lifting elbows.
544,Common Mistake,Swinging hips; lifting elbows.
545,Common Mistake,Elbow movement; swinging.
545,Common Mistake,Elbow movement; swinging.
545,Common Mistake,Elbow movement; swinging.
546,Common Mistake,"Fast, bouncy reps."
546,Common Mistake,"Fast, bouncy reps."
546,Common Mistake,"Fast, bouncy reps."
547,Common Mistake,Using legs (unless push press); shrugging.
547,Common Mistake,Using legs (unless push press); shrugging.
547,Common Mistake,Using legs (unless push press); shrugging.
548,Common Mistake,Rounding the back; squatting instead of hinging.
548,Common Mistake,Rounding the back; squatting instead of hinging.
548,Common Mistake,Rounding the back; squatting instead of hinging.
549,Common Mistake,Using hips to swing weight up; shrugging.
549,Common Mistake,Using hips to swing weight up; shrugging.
549,Common Mistake,Using hips to swing weight up; shrugging.
550,Common Mistake,Rounding the back aggressively to reach further.
550,Common Mistake,Rounding the back aggressively to reach further.
550,Common Mistake,Rounding the back aggressively to reach further.
551,Common Mistake,Rounding the back to reach the knee; losing balance.
551,Common Mistake,Rounding the back to reach the knee; losing balance.
551,Common Mistake,Rounding the back to reach the knee; losing balance.
552,Common Mistake,Flexing the hip instead of just the knee; swinging the leg.
552,Common Mistake,Flexing the hip instead of just the knee; swinging the leg.
552,Common Mistake,Flexing the hip instead of just the knee; swinging the leg.
553,Common Mistake,Landing stiff-legged; falling backwards upon landing.
553,Common Mistake,Landing stiff-legged; falling backwards upon landing.
553,Common Mistake,Landing stiff-legged; falling backwards upon landing.
554,Common Mistake,Flaring elbows out; arching lower back excessively.
554,Common Mistake,Flaring elbows out; arching lower back excessively.
554,Common Mistake,Flaring elbows out; arching lower back excessively.
555,Common Mistake,Using legs to push (unless Push Press); leaning back too far.
555,Common Mistake,Using legs to push (unless Push Press); leaning back too far.
555,Common Mistake,Using legs to push (unless Push Press); leaning back too far.
556,Common Mistake,Pulling too hard causing pain; shrugging shoulders.
556,Common Mistake,Pulling too hard causing pain; shrugging shoulders.
556,Common Mistake,Pulling too hard causing pain; shrugging shoulders.
557,Common Mistake,Hyperextending the elbow.
557,Common Mistake,Hyperextending the elbow.
557,Common Mistake,Hyperextending the elbow.
558,Common Mistake,Arching back; knee flaring out to side.
558,Common Mistake,Arching back; knee flaring out to side.
558,Common Mistake,Arching back; knee flaring out to side.
559,Common Mistake,Shrugging shoulders; bending elbows.
559,Common Mistake,Shrugging shoulders; bending elbows.
559,Common Mistake,Shrugging shoulders; bending elbows.
560,Common Mistake,Sitting down immediately after high intensity; not hydrating.
560,Common Mistake,Sitting down immediately after high intensity; not hydrating.
560,Common Mistake,Sitting down immediately after high intensity; not hydrating.
561,Common Mistake,Swinging elbows forward; using momentum.
561,Common Mistake,Swinging elbows forward; using momentum.
561,Common Mistake,Swinging elbows forward; using momentum.
562,Common Mistake,Forcing the motion.
562,Common Mistake,Forcing the motion.
562,Common Mistake,Forcing the motion.
563,Common Mistake,Twisting the torso.
563,Common Mistake,Twisting the torso.
563,Common Mistake,Twisting the torso.
564,Common Mistake,Leaning torso to opposite side to cheat range of motion.
564,Common Mistake,Leaning torso to opposite side to cheat range of motion.
564,Common Mistake,Leaning torso to opposite side to cheat range of motion.
565,Common Mistake,Bouncing; using arms to pull up.
565,Common Mistake,Bouncing; using arms to pull up.
565,Common Mistake,Bouncing; using arms to pull up.
566,Common Mistake,Moving the torso excessively.
566,Common Mistake,Moving the torso excessively.
566,Common Mistake,Moving the torso excessively.
567,Common Mistake,Partial reps; bending knees.
567,Common Mistake,Partial reps; bending knees.
567,Common Mistake,Partial reps; bending knees.
568,Common Mistake,Moving the knee forward.
568,Common Mistake,Moving the knee forward.
568,Common Mistake,Moving the knee forward.
569,Common Mistake,Rounding the back (dangerous); shrugging.
569,Common Mistake,Rounding the back (dangerous); shrugging.
569,Common Mistake,Rounding the back (dangerous); shrugging.
570,Common Mistake,Swinging.
570,Common Mistake,Swinging.
570,Common Mistake,Swinging.
571,Common Mistake,Letting hips sag; rolling forward.
571,Common Mistake,Letting hips sag; rolling forward.
571,Common Mistake,Letting hips sag; rolling forward.
572,Common Mistake,Letting angles drop; holding breath.
572,Common Mistake,Letting angles drop; holding breath.
572,Common Mistake,Letting angles drop; holding breath.
573,Common Mistake,Touching floor with chest; pike hips.
573,Common Mistake,Touching floor with chest; pike hips.
573,Common Mistake,Touching floor with chest; pike hips.
574,Common Mistake,Rounding back; rising up slightly.
574,Common Mistake,Rounding back; rising up slightly.
574,Common Mistake,Rounding back; rising up slightly.
575,Common Mistake,Using back leg to push off heavily.
575,Common Mistake,Using back leg to push off heavily.
575,Common Mistake,Using back leg to push off heavily.
576,Common Mistake,Rounding back; bending knees into a squat.
576,Common Mistake,Rounding back; bending knees into a squat.
576,Common Mistake,Rounding back; bending knees into a squat.
577,Common Mistake,Bending elbows (turns it into tricep pushdown); using momentum.
577,Common Mistake,Bending elbows (turns it into tricep pushdown); using momentum.
577,Common Mistake,Bending elbows (turns it into tricep pushdown); using momentum.
578,Common Mistake,Bouncing; lifting heel.
578,Common Mistake,Bouncing; lifting heel.
578,Common Mistake,Bouncing; lifting heel.
579,Common Mistake,Knees caving in; leaning forward.
579,Common Mistake,Knees caving in; leaning forward.
579,Common Mistake,Knees caving in; leaning forward.
580,Common Mistake,Rounding back; hips rising faster than shoulders.
580,Common Mistake,Rounding back; hips rising faster than shoulders.
580,Common Mistake,Rounding back; hips rising faster than shoulders.
581,Common Mistake,Hyperextending neck (looking up too much).
581,Common Mistake,Hyperextending neck (looking up too much).
581,Common Mistake,Hyperextending neck (looking up too much).
582,Common Mistake,Holding tension in jaw/shoulders.
582,Common Mistake,Holding tension in jaw/shoulders.
582,Common Mistake,Holding tension in jaw/shoulders.
583,Common Mistake,Leaning forward excessively; using hands on thighs.
583,Common Mistake,Leaning forward excessively; using hands on thighs.
583,Common Mistake,Leaning forward excessively; using hands on thighs.
584,Common Mistake,Holding breath.
584,Common Mistake,Holding breath.
584,Common Mistake,Holding breath.
585,Common Mistake,Dropping elbows; sagging hips.
585,Common Mistake,Dropping elbows; sagging hips.
585,Common Mistake,Dropping elbows; sagging hips.
586,Common Mistake,Dropping hips while curling.
586,Common Mistake,Dropping hips while curling.
586,Common Mistake,Dropping hips while curling.
587,Common Mistake,Piking hips too high; sawing back and forth.
587,Common Mistake,Piking hips too high; sawing back and forth.
587,Common Mistake,Piking hips too high; sawing back and forth.
588,Common Mistake,Relying too much on arms; heel lifting.
588,Common Mistake,Relying too much on arms; heel lifting.
588,Common Mistake,Relying too much on arms; heel lifting.
589,Common Mistake,Sagging lower back.
589,Common Mistake,Sagging lower back.
589,Common Mistake,Sagging lower back.
590,Common Mistake,Leading with hips.
590,Common Mistake,Leading with hips.
590,Common Mistake,Leading with hips.
591,Common Mistake,Hoping around; front knee caving in.
591,Common Mistake,Hoping around; front knee caving in.
591,Common Mistake,Hoping around; front knee caving in.
592,Common Mistake,Slacking the strap; arching back.
592,Common Mistake,Slacking the strap; arching back.
592,Common Mistake,Slacking the strap; arching back.
593,Common Mistake,Sagging hips.
593,Common Mistake,Sagging hips.
593,Common Mistake,Sagging hips.
594,Common Mistake,Hyperextending lower back (painful).
594,Common Mistake,Hyperextending lower back (painful).
594,Common Mistake,Hyperextending lower back (painful).
595,Common Mistake,Bending elbows excessively (turns into row).
595,Common Mistake,Bending elbows excessively (turns into row).
595,Common Mistake,Bending elbows excessively (turns into row).
596,Common Mistake,Sagging during pushup.
596,Common Mistake,Sagging during pushup.
596,Common Mistake,Sagging during pushup.
597,Common Mistake,Hiking hips up.
597,Common Mistake,Hiking hips up.
597,Common Mistake,Hiking hips up.
598,Common Mistake,Using momentum; bending elbows.
598,Common Mistake,Using momentum; bending elbows.
598,Common Mistake,Using momentum; bending elbows.
599,Common Mistake,Hyperextending lumbar spine.
599,Common Mistake,Hyperextending lumbar spine.
599,Common Mistake,Hyperextending lumbar spine.
600,Common Mistake,Arms falling forward.
600,Common Mistake,Arms falling forward.
600,Common Mistake,Arms falling forward.
601,Common Mistake,Sagging hips during the saw phase.
601,Common Mistake,Sagging hips during the saw phase.
601,Common Mistake,Sagging hips during the saw phase.
602,Common Mistake,Leaning forward; knee past toes.
602,Common Mistake,Leaning forward; knee past toes.
602,Common Mistake,Leaning forward; knee past toes.
603,Common Mistake,Pulling yourself up with arms entirely.
603,Common Mistake,Pulling yourself up with arms entirely.
603,Common Mistake,Pulling yourself up with arms entirely.
604,Common Mistake,Hoping around; knee caving.
604,Common Mistake,Hoping around; knee caving.
604,Common Mistake,Hoping around; knee caving.
605,Common Mistake,Flaring elbows.
605,Common Mistake,Flaring elbows.
605,Common Mistake,Flaring elbows.
606,Common Mistake,Using momentum/swinging arms.
606,Common Mistake,Using momentum/swinging arms.
606,Common Mistake,Using momentum/swinging arms.
607,Common Mistake,Arching back.
607,Common Mistake,Arching back.
607,Common Mistake,Arching back.
608,Common Mistake,Using shoulders to push.
608,Common Mistake,Using shoulders to push.
608,Common Mistake,Using shoulders to push.
609,Common Mistake,Dropping elbow; swinging arm.
609,Common Mistake,Dropping elbow; swinging arm.
609,Common Mistake,Dropping elbow; swinging arm.
610,Common Mistake,Rounding shoulders forward.
610,Common Mistake,Rounding shoulders forward.
610,Common Mistake,Rounding shoulders forward.
611,Common Mistake,Landing stiff; not tucking enough.
611,Common Mistake,Landing stiff; not tucking enough.
611,Common Mistake,Landing stiff; not tucking enough.
612,Common Mistake,Rushing; taking eyes off weight.
612,Common Mistake,Rushing; taking eyes off weight.
612,Common Mistake,Rushing; taking eyes off weight.
613,Common Mistake,Stopping at shoulders.
613,Common Mistake,Stopping at shoulders.
613,Common Mistake,Stopping at shoulders.
614,Common Mistake,Swinging.
614,Common Mistake,Swinging.
614,Common Mistake,Swinging.
615,Common Mistake,Gripping too wide.
615,Common Mistake,Gripping too wide.
615,Common Mistake,Gripping too wide.
616,Common Mistake,Slouching.
616,Common Mistake,Slouching.
616,Common Mistake,Slouching.
617,Common Mistake,Rounding back.
617,Common Mistake,Rounding back.
617,Common Mistake,Rounding back.
618,Common Mistake,Shrugging traps excessively.
618,Common Mistake,Shrugging traps excessively.
618,Common Mistake,Shrugging traps excessively.
619,Common Mistake,Swinging.
619,Common Mistake,Swinging.
619,Common Mistake,Swinging.
620,Common Mistake,Arm movement only (use core).
620,Common Mistake,Arm movement only (use core).
620,Common Mistake,Arm movement only (use core).
621,Common Mistake,Rounding back.
621,Common Mistake,Rounding back.
621,Common Mistake,Rounding back.
622,Common Mistake,Bending knees.
622,Common Mistake,Bending knees.
622,Common Mistake,Bending knees.
623,Common Mistake,Arching back to keep contact.
623,Common Mistake,Arching back to keep contact.
623,Common Mistake,Arching back to keep contact.
624,Common Mistake,Knees past toes.
624,Common Mistake,Knees past toes.
624,Common Mistake,Knees past toes.
625,Common Mistake,Sagging hips.
625,Common Mistake,Sagging hips.
625,Common Mistake,Sagging hips.
626,Common Mistake,Hands pushing on thighs.
626,Common Mistake,Hands pushing on thighs.
626,Common Mistake,Hands pushing on thighs.
627,Common Mistake,Lack of control.
627,Common Mistake,Lack of control.
627,Common Mistake,Lack of control.
628,Common Mistake,Knee hitting floor.
628,Common Mistake,Knee hitting floor.
628,Common Mistake,Knee hitting floor.
629,Common Mistake,Arching back.
629,Common Mistake,Arching back.
629,Common Mistake,Arching back.
630,Common Mistake,Dropping elbow.
630,Common Mistake,Dropping elbow.
630,Common Mistake,Dropping elbow.
631,Common Mistake,Breaking segments.
631,Common Mistake,Breaking segments.
631,Common Mistake,Breaking segments.
632,Common Mistake,Pause at top/bottom.
632,Common Mistake,Pause at top/bottom.
632,Common Mistake,Pause at top/bottom.
633,Common Mistake,Knees caving.
633,Common Mistake,Knees caving.
633,Common Mistake,Knees caving.
634,Common Mistake,Shoulders rolling forward.
634,Common Mistake,Shoulders rolling forward.
634,Common Mistake,Shoulders rolling forward.
635,Common Mistake,Heel coming up.
635,Common Mistake,Heel coming up.
635,Common Mistake,Heel coming up.
636,Common Mistake,Hyperextending back.
636,Common Mistake,Hyperextending back.
636,Common Mistake,Hyperextending back.
637,Common Mistake,Kipping.
637,Common Mistake,Kipping.
637,Common Mistake,Kipping.
638,Common Mistake,Hip movement.
638,Common Mistake,Hip movement.
638,Common Mistake,Hip movement.
639,Common Mistake,Shoulder pain.
639,Common Mistake,Shoulder pain.
639,Common Mistake,Shoulder pain.
640,Common Mistake,Forcing.
640,Common Mistake,Forcing.
640,Common Mistake,Forcing.
641,Common Mistake,Elbows flaring too much.
641,Common Mistake,Elbows flaring too much.
641,Common Mistake,Elbows flaring too much.
642,Common Mistake,Knees caving.
642,Common Mistake,Knees caving.
642,Common Mistake,Knees caving.
643,Common Mistake,Leaning back too far.
643,Common Mistake,Leaning back too far.
643,Common Mistake,Leaning back too far.
644,Common Mistake,Shoulders lifting.
644,Common Mistake,Shoulders lifting.
644,Common Mistake,Shoulders lifting.
645,Common Mistake,None.
645,Common Mistake,None.
645,Common Mistake,None.
501,Common Mistake,Letting the hips sag; twisting the spine excessively; not bringing the knee close enough to the elbow.
502,Common Mistake,Landing with knees locked; letting the front knee cave inward; banging the back knee on the floor.
503,Common Mistake,Swinging with only the arms without engaging the hips; neglecting the non-dominant side.
504,Common Mistake,Stiff legs; not anticipating the sack's trajectory.
505,Common Mistake,Head down constantly looked at the ball; poor conditioning.
506,Common Mistake,Standing flat-footed; lazy footwork.
507,Common Mistake,Tensing the shoulders; heel striking significantly; failing to warm up.
508,Common Mistake,Rising up out of the squat during the jump; letting knees cave in.
509,Common Mistake,Using momentum to swing the leg; excessive leaning.
510,Common Mistake,Bending the knees; sagging hips at the bottom.
511,Common Mistake,Swinging the body; straining the neck.
512,Common Mistake,Dropping the hips; moving too fast without control.
513,Common Mistake,Rocking the body to help lift the weight; slouching.
514,Common Mistake,Pulling on the neck with hands; using hips to lift.
515,Common Mistake,Lowering the weights too far (stressing shoulders); dropping the hips.
516,Common Mistake,Wobbling on the ball; letting hips sag.
517,Common Mistake,Leaning back excessively; bouncing on the ball.
518,Common Mistake,Dropping hips as you curl; using momentum.
519,Common Mistake,Arching the back; not controlling the lowering phase.
520,Common Mistake,Sagging hips in the plank; piking hips up too high.
521,Common Mistake,Hyperextending the back; swinging legs.
522,Common Mistake,Clasping hands tightly; holding breath; sagging hips.
523,Common Mistake,Allowing the ball to roll away; sagging core.
524,Common Mistake,Flaring elbows out too wide; collapsing core.
525,Common Mistake,Using momentum to swing legs up.
526,Common Mistake,Going out too far and hurting the back; sitting back on heels rather than using abs.
527,Common Mistake,Unable to keep hips lifted; loss of control.
528,Common Mistake,Pushing knees too far forward over toes.
529,Common Mistake,Twisting the torso excessively.
530,Common Mistake,Bouncing; knee going too far past toes.
531,Common Mistake,Shrugging shoulders; swinging wildly.
532,Common Mistake,Planting feet excessively while twisting knees.
533,Common Mistake,Leaning drastically to the supporting side.
534,Common Mistake,Bouncing the reps; incomplete range of motion.
535,Common Mistake,Arching the back excessively; using legs to push press (unless intended).
536,Common Mistake,Leaning back to hoist the weight; moving elbows forward.
537,Common Mistake,Flaring elbows excessively; shrugging shoulders.
538,Common Mistake,Pressing the weight instead of flying; leaning too far forward.
539,Common Mistake,Bringing the knee forward; flexed hip.
540,Common Mistake,Using the chair to pull yourself up.
541,Common Mistake,Pulling on neck; not twisting enough.
542,Common Mistake,Leaning forward or back; using momentum.
543,Common Mistake,Swinging without control.
544,Common Mistake,Swinging hips; lifting elbows.
545,Common Mistake,Elbow movement; swinging.
546,Common Mistake,"Fast, bouncy reps."
547,Common Mistake,Using legs (unless push press); shrugging.
548,Common Mistake,Rounding the back; squatting instead of hinging.
549,Common Mistake,Using hips to swing weight up; shrugging.
550,Common Mistake,Rounding the back aggressively to reach further.
551,Common Mistake,Rounding the back to reach the knee; losing balance.
552,Common Mistake,Flexing the hip instead of just the knee; swinging the leg.
553,Common Mistake,Landing stiff-legged; falling backwards upon landing.
554,Common Mistake,Flaring elbows out; arching lower back excessively.
555,Common Mistake,Using legs to push (unless Push Press); leaning back too far.
556,Common Mistake,Pulling too hard causing pain; shrugging shoulders.
557,Common Mistake,Hyperextending the elbow.
558,Common Mistake,Arching back; knee flaring out to side.
559,Common Mistake,Shrugging shoulders; bending elbows.
560,Common Mistake,Sitting down immediately after high intensity; not hydrating.
561,Common Mistake,Swinging elbows forward; using momentum.
562,Common Mistake,Forcing the motion.
563,Common Mistake,Twisting the torso.
564,Common Mistake,Leaning torso to opposite side to cheat range of motion.
565,Common Mistake,Bouncing; using arms to pull up.
566,Common Mistake,Moving the torso excessively.
567,Common Mistake,Partial reps; bending knees.
568,Common Mistake,Moving the knee forward.
569,Common Mistake,Rounding the back (dangerous); shrugging.
570,Common Mistake,Swinging.
571,Common Mistake,Letting hips sag; rolling forward.
572,Common Mistake,Letting angles drop; holding breath.
573,Common Mistake,Touching floor with chest; pike hips.
574,Common Mistake,Rounding back; rising up slightly.
575,Common Mistake,Using back leg to push off heavily.
576,Common Mistake,Rounding back; bending knees into a squat.
577,Common Mistake,Bending elbows (turns it into tricep pushdown); using momentum.
578,Common Mistake,Bouncing; lifting heel.
579,Common Mistake,Knees caving in; leaning forward.
580,Common Mistake,Rounding back; hips rising faster than shoulders.
581,Common Mistake,Hyperextending neck (looking up too much).
582,Common Mistake,Holding tension in jaw/shoulders.
583,Common Mistake,Leaning forward excessively; using hands on thighs.
584,Common Mistake,Holding breath.
585,Common Mistake,Dropping elbows; sagging hips.
586,Common Mistake,Dropping hips while curling.
587,Common Mistake,Piking hips too high; sawing back and forth.
588,Common Mistake,Relying too much on arms; heel lifting.
589,Common Mistake,Sagging lower back.
590,Common Mistake,Leading with hips.
591,Common Mistake,Hoping around; front knee caving in.
592,Common Mistake,Slacking the strap; arching back.
593,Common Mistake,Sagging hips.
594,Common Mistake,Hyperextending lower back (painful).
595,Common Mistake,Bending elbows excessively (turns into row).
596,Common Mistake,Sagging during pushup.
597,Common Mistake,Hiking hips up.
598,Common Mistake,Using momentum; bending elbows.
599,Common Mistake,Hyperextending lumbar spine.
600,Common Mistake,Arms falling forward.
601,Common Mistake,Sagging hips during the saw phase.
602,Common Mistake,Leaning forward; knee past toes.
603,Common Mistake,Pulling yourself up with arms entirely.
604,Common Mistake,Hoping around; knee caving.
605,Common Mistake,Flaring elbows.
606,Common Mistake,Using momentum/swinging arms.
607,Common Mistake,Arching back.
608,Common Mistake,Using shoulders to push.
609,Common Mistake,Dropping elbow; swinging arm.
610,Common Mistake,Rounding shoulders forward.
611,Common Mistake,Landing stiff; not tucking enough.
612,Common Mistake,Rushing; taking eyes off weight.
613,Common Mistake,Stopping at shoulders.
614,Common Mistake,Swinging.
615,Common Mistake,Gripping too wide.
616,Common Mistake,Slouching.
617,Common Mistake,Rounding back.
618,Common Mistake,Shrugging traps excessively.
619,Common Mistake,Swinging.
620,Common Mistake,Arm movement only (use core).
621,Common Mistake,Rounding back.
622,Common Mistake,Bending knees.
623,Common Mistake,Arching back to keep contact.
624,Common Mistake,Knees past toes.
625,Common Mistake,Sagging hips.
626,Common Mistake,Hands pushing on thighs.
627,Common Mistake,Lack of control.
628,Common Mistake,Knee hitting floor.
629,Common Mistake,Arching back.
630,Common Mistake,Dropping elbow.
631,Common Mistake,Breaking segments.
632,Common Mistake,Pause at top/bottom.
633,Common Mistake,Knees caving.
634,Common Mistake,Shoulders rolling forward.
635,Common Mistake,Heel coming up.
636,Common Mistake,Hyperextending back.
637,Common Mistake,Kipping.
638,Common Mistake,Hip movement.
639,Common Mistake,Shoulder pain.
640,Common Mistake,Forcing.
641,Common Mistake,Elbows flaring too much.
642,Common Mistake,Knees caving.
643,Common Mistake,Leaning back too far.
644,Common Mistake,Shoulders lifting.
645,Common Mistake,None.
